,Survived,Pclass,Age,SibSp,Parch,Fare,C,Q,S,Sex
0,0,3,22.0,1,0,7.25,0,0,1,0
1,1,1,38.0,1,0,71.2833,1,0,0,1
2,1,3,26.0,0,0,7.925,0,0,1,1
3,1,1,35.0,1,0,53.1,0,0,1,1
4,0,3,35.0,0,0,8.05,0,0,1,0
5,0,3,29.69911764705882,0,0,8.4583,0,1,0,0
6,0,1,54.0,0,0,51.8625,0,0,1,0
7,0,3,2.0,3,1,21.075,0,0,1,0
8,1,3,27.0,0,2,11.1333,0,0,1,1
9,1,2,14.0,1,0,30.0708,1,0,0,1
10,1,3,4.0,1,1,16.7,0,0,1,1
11,1,1,58.0,0,0,26.55,0,0,1,1
12,0,3,20.0,0,0,8.05,0,0,1,0
13,0,3,39.0,1,5,31.275,0,0,1,0
14,0,3,14.0,0,0,7.8542,0,0,1,1
15,1,2,55.0,0,0,16.0,0,0,1,1
16,0,3,2.0,4,1,29.125,0,1,0,0
17,1,2,29.69911764705882,0,0,13.0,0,0,1,0
18,0,3,31.0,1,0,18.0,0,0,1,1
19,1,3,29.69911764705882,0,0,7.225,1,0,0,1
20,0,2,35.0,0,0,26.0,0,0,1,0
21,1,2,34.0,0,0,13.0,0,0,1,0
22,1,3,15.0,0,0,8.0292,0,1,0,1
23,1,1,28.0,0,0,35.5,0,0,1,0
24,0,3,8.0,3,1,21.075,0,0,1,1
25,1,3,38.0,1,5,31.3875,0,0,1,1
26,0,3,29.69911764705882,0,0,7.225,1,0,0,0
27,0,1,19.0,3,2,263.0,0,0,1,0
28,1,3,29.69911764705882,0,0,7.8792,0,1,0,1
29,0,3,29.69911764705882,0,0,7.8958,0,0,1,0
30,0,1,40.0,0,0,27.7208,1,0,0,0
31,1,1,29.69911764705882,1,0,146.5208,1,0,0,1
32,1,3,29.69911764705882,0,0,7.75,0,1,0,1
33,0,2,66.0,0,0,10.5,0,0,1,0
34,0,1,28.0,1,0,82.1708,1,0,0,0
35,0,1,42.0,1,0,52.0,0,0,1,0
36,1,3,29.69911764705882,0,0,7.2292,1,0,0,0
37,0,3,21.0,0,0,8.05,0,0,1,0
38,0,3,18.0,2,0,18.0,0,0,1,1
39,1,3,14.0,1,0,11.2417,1,0,0,1
40,0,3,40.0,1,0,9.475,0,0,1,1
41,0,2,27.0,1,0,21.0,0,0,1,1
42,0,3,29.69911764705882,0,0,7.8958,1,0,0,0
43,1,2,3.0,1,2,41.5792,1,0,0,1
44,1,3,19.0,0,0,7.8792,0,1,0,1
45,0,3,29.69911764705882,0,0,8.05,0,0,1,0
46,0,3,29.69911764705882,1,0,15.5,0,1,0,0
47,1,3,29.69911764705882,0,0,7.75,0,1,0,1
48,0,3,29.69911764705882,2,0,21.6792,1,0,0,0
49,0,3,18.0,1,0,17.8,0,0,1,1
50,0,3,7.0,4,1,39.6875,0,0,1,0
51,0,3,21.0,0,0,7.8,0,0,1,0
52,1,1,49.0,1,0,76.7292,1,0,0,1
53,1,2,29.0,1,0,26.0,0,0,1,1
54,0,1,65.0,0,1,61.9792,1,0,0,0
55,1,1,29.69911764705882,0,0,35.5,0,0,1,0
56,1,2,21.0,0,0,10.5,0,0,1,1
57,0,3,28.5,0,0,7.2292,1,0,0,0
58,1,2,5.0,1,2,27.75,0,0,1,1
59,0,3,11.0,5,2,46.9,0,0,1,0
60,0,3,22.0,0,0,7.2292,1,0,0,0
61,0,1,45.0,1,0,83.475,0,0,1,0
62,0,3,4.0,3,2,27.9,0,0,1,0
63,0,1,29.69911764705882,0,0,27.7208,1,0,0,0
64,1,3,29.69911764705882,1,1,15.2458,1,0,0,0
65,1,2,29.0,0,0,10.5,0,0,1,1
66,0,3,19.0,0,0,8.1583,0,0,1,0
67,1,3,17.0,4,2,7.925,0,0,1,1
68,0,3,26.0,2,0,8.6625,0,0,1,0
69,0,2,32.0,0,0,10.5,0,0,1,0
70,0,3,16.0,5,2,46.9,0,0,1,1
71,0,2,21.0,0,0,73.5,0,0,1,0
72,0,3,26.0,1,0,14.4542,1,0,0,0
73,1,3,32.0,0,0,56.4958,0,0,1,0
74,0,3,25.0,0,0,7.65,0,0,1,0
75,0,3,29.69911764705882,0,0,7.8958,0,0,1,0
76,0,3,29.69911764705882,0,0,8.05,0,0,1,0
77,1,2,0.83,0,2,29.0,0,0,1,0
78,1,3,30.0,0,0,12.475,0,0,1,1
79,0,3,22.0,0,0,9.0,0,0,1,0
80,1,3,29.0,0,0,9.5,0,0,1,0
81,1,3,29.69911764705882,0,0,7.7875,0,1,0,1
82,0,1,28.0,0,0,47.1,0,0,1,0
83,1,2,17.0,0,0,10.5,0,0,1,1
84,1,3,33.0,3,0,15.85,0,0,1,1
85,0,3,16.0,1,3,34.375,0,0,1,0
86,0,3,29.69911764705882,0,0,8.05,0,0,1,0
87,1,1,23.0,3,2,263.0,0,0,1,1
88,0,3,24.0,0,0,8.05,0,0,1,0
89,0,3,29.0,0,0,8.05,0,0,1,0
90,0,3,20.0,0,0,7.8542,0,0,1,0
91,0,1,46.0,1,0,61.175,0,0,1,0
92,0,3,26.0,1,2,20.575,0,0,1,0
93,0,3,59.0,0,0,7.25,0,0,1,0
94,0,3,29.69911764705882,0,0,8.05,0,0,1,0
95,0,1,71.0,0,0,34.6542,1,0,0,0
96,1,1,23.0,0,1,63.3583,1,0,0,0
97,1,2,34.0,0,1,23.0,0,0,1,1
98,0,2,34.0,1,0,26.0,0,0,1,0
99,0,3,28.0,0,0,7.8958,0,0,1,1
100,0,3,29.69911764705882,0,0,7.8958,0,0,1,0
101,0,1,21.0,0,1,77.2875,0,0,1,0
102,0,3,33.0,0,0,8.6542,0,0,1,0
103,0,3,37.0,2,0,7.925,0,0,1,0
104,0,3,28.0,0,0,7.8958,0,0,1,0
105,1,3,21.0,0,0,7.65,0,0,1,1
106,1,3,29.69911764705882,0,0,7.775,0,0,1,0
107,0,3,38.0,0,0,7.8958,0,0,1,0
108,1,3,29.69911764705882,1,0,24.15,0,1,0,1
109,0,1,47.0,0,0,52.0,0,0,1,0
110,0,3,14.5,1,0,14.4542,1,0,0,1
111,0,3,22.0,0,0,8.05,0,0,1,0
112,0,3,20.0,1,0,9.825,0,0,1,1
113,0,3,17.0,0,0,14.4583,1,0,0,1
114,0,3,21.0,0,0,7.925,0,0,1,0
115,0,3,70.5,0,0,7.75,0,1,0,0
116,0,2,29.0,1,0,21.0,0,0,1,0
117,0,1,24.0,0,1,247.5208,1,0,0,0
118,0,3,2.0,4,2,31.275,0,0,1,1
119,0,2,21.0,2,0,73.5,0,0,1,0
120,0,3,29.69911764705882,0,0,8.05,0,0,1,0
121,0,2,32.5,1,0,30.0708,1,0,0,0
122,1,2,32.5,0,0,13.0,0,0,1,1
123,0,1,54.0,0,1,77.2875,0,0,1,0
124,1,3,12.0,1,0,11.2417,1,0,0,0
125,0,3,29.69911764705882,0,0,7.75,0,1,0,0
126,1,3,24.0,0,0,7.1417,0,0,1,0
127,1,3,29.69911764705882,1,1,22.3583,1,0,0,1
128,0,3,45.0,0,0,6.975,0,0,1,0
129,0,3,33.0,0,0,7.8958,1,0,0,0
130,0,3,20.0,0,0,7.05,0,0,1,0
131,0,3,47.0,1,0,14.5,0,0,1,1
132,1,2,29.0,1,0,26.0,0,0,1,1
133,0,2,25.0,0,0,13.0,0,0,1,0
134,0,2,23.0,0,0,15.0458,1,0,0,0
135,1,1,19.0,0,2,26.2833,0,0,1,1
136,0,1,37.0,1,0,53.1,0,0,1,0
137,0,3,16.0,0,0,9.2167,0,0,1,0
138,0,1,24.0,0,0,79.2,1,0,0,0
139,0,3,29.69911764705882,0,2,15.2458,1,0,0,1
140,1,3,22.0,0,0,7.75,0,0,1,1
141,1,3,24.0,1,0,15.85,0,0,1,1
142,0,3,19.0,0,0,6.75,0,1,0,0
143,0,2,18.0,0,0,11.5,0,0,1,0
144,0,2,19.0,1,1,36.75,0,0,1,0
145,1,3,27.0,0,0,7.7958,0,0,1,0
146,0,3,9.0,2,2,34.375,0,0,1,1
147,0,2,36.5,0,2,26.0,0,0,1,0
148,0,2,42.0,0,0,13.0,0,0,1,0
149,0,2,51.0,0,0,12.525,0,0,1,0
150,1,1,22.0,1,0,66.6,0,0,1,1
151,0,3,55.5,0,0,8.05,0,0,1,0
152,0,3,40.5,0,2,14.5,0,0,1,0
153,0,3,29.69911764705882,0,0,7.3125,0,0,1,0
154,0,1,51.0,0,1,61.3792,1,0,0,0
155,1,3,16.0,0,0,7.7333,0,1,0,1
156,0,3,30.0,0,0,8.05,0,0,1,0
157,0,3,29.69911764705882,0,0,8.6625,0,0,1,0
158,0,3,29.69911764705882,8,2,69.55,0,0,1,0
159,0,3,44.0,0,1,16.1,0,0,1,0
160,1,2,40.0,0,0,15.75,0,0,1,1
161,0,3,26.0,0,0,7.775,0,0,1,0
162,0,3,17.0,0,0,8.6625,0,0,1,0
163,0,3,1.0,4,1,39.6875,0,0,1,0
164,1,3,9.0,0,2,20.525,0,0,1,0
165,1,1,29.69911764705882,0,1,55.0,0,0,1,1
166,0,3,45.0,1,4,27.9,0,0,1,1
167,0,1,29.69911764705882,0,0,25.925,0,0,1,0
168,0,3,28.0,0,0,56.4958,0,0,1,0
169,0,1,61.0,0,0,33.5,0,0,1,0
170,0,3,4.0,4,1,29.125,0,1,0,0
171,1,3,1.0,1,1,11.1333,0,0,1,1
172,0,3,21.0,0,0,7.925,0,0,1,0
173,0,1,56.0,0,0,30.6958,1,0,0,0
174,0,3,18.0,1,1,7.8542,0,0,1,0
175,0,3,29.69911764705882,3,1,25.4667,0,0,1,0
176,0,1,50.0,0,0,28.7125,1,0,0,1
177,0,2,30.0,0,0,13.0,0,0,1,0
178,0,3,36.0,0,0,0.0,0,0,1,0
179,0,3,29.69911764705882,8,2,69.55,0,0,1,1
180,0,2,29.69911764705882,0,0,15.05,1,0,0,0
181,0,3,9.0,4,2,31.3875,0,0,1,0
182,1,2,1.0,2,1,39.0,0,0,1,0
183,1,3,4.0,0,2,22.025,0,0,1,1
184,0,1,29.69911764705882,0,0,50.0,0,0,1,0
185,1,3,29.69911764705882,1,0,15.5,0,1,0,1
186,1,1,45.0,0,0,26.55,0,0,1,0
187,0,3,40.0,1,1,15.5,0,1,0,0
188,0,3,36.0,0,0,7.8958,0,0,1,0
189,1,2,32.0,0,0,13.0,0,0,1,1
190,0,2,19.0,0,0,13.0,0,0,1,0
191,1,3,19.0,1,0,7.8542,0,0,1,1
192,1,2,3.0,1,1,26.0,0,0,1,0
193,1,1,44.0,0,0,27.7208,1,0,0,1
194,1,1,58.0,0,0,146.5208,1,0,0,1
195,0,3,29.69911764705882,0,0,7.75,0,1,0,0
196,0,3,42.0,0,1,8.4042,0,0,1,0
197,1,3,29.69911764705882,0,0,7.75,0,1,0,1
198,0,2,24.0,0,0,13.0,0,0,1,1
199,0,3,28.0,0,0,9.5,0,0,1,0
200,0,3,29.69911764705882,8,2,69.55,0,0,1,0
201,0,3,34.0,0,0,6.4958,0,0,1,0
202,0,3,45.5,0,0,7.225,1,0,0,0
203,1,3,18.0,0,0,8.05,0,0,1,0
204,0,3,2.0,0,1,10.4625,0,0,1,1
205,0,3,32.0,1,0,15.85,0,0,1,0
206,1,3,26.0,0,0,18.7875,1,0,0,0
207,1,3,16.0,0,0,7.75,0,1,0,1
208,1,1,40.0,0,0,31.0,1,0,0,0
209,0,3,24.0,0,0,7.05,0,0,1,0
210,1,2,35.0,0,0,21.0,0,0,1,1
211,0,3,22.0,0,0,7.25,0,0,1,0
212,0,2,30.0,0,0,13.0,0,0,1,0
213,0,3,29.69911764705882,1,0,7.75,0,1,0,0
214,1,1,31.0,1,0,113.275,1,0,0,1
215,1,3,27.0,0,0,7.925,0,0,1,1
216,0,2,42.0,1,0,27.0,0,0,1,0
217,1,1,32.0,0,0,76.2917,1,0,0,1
218,0,2,30.0,0,0,10.5,0,0,1,0
219,1,3,16.0,0,0,8.05,0,0,1,0
220,0,2,27.0,0,0,13.0,0,0,1,0
221,0,3,51.0,0,0,8.05,0,0,1,0
222,0,3,29.69911764705882,0,0,7.8958,0,0,1,0
223,1,1,38.0,1,0,90.0,0,0,1,0
224,0,3,22.0,0,0,9.35,0,0,1,0
225,1,2,19.0,0,0,10.5,0,0,1,0
226,0,3,20.5,0,0,7.25,0,0,1,0
227,0,2,18.0,0,0,13.0,0,0,1,0
228,0,3,29.69911764705882,3,1,25.4667,0,0,1,1
229,1,1,35.0,1,0,83.475,0,0,1,1
230,0,3,29.0,0,0,7.775,0,0,1,0
231,0,2,59.0,0,0,13.5,0,0,1,0
232,1,3,5.0,4,2,31.3875,0,0,1,1
233,0,2,24.0,0,0,10.5,0,0,1,0
234,0,3,29.69911764705882,0,0,7.55,0,0,1,1
235,0,2,44.0,1,0,26.0,0,0,1,0
236,1,2,8.0,0,2,26.25,0,0,1,1
237,0,2,19.0,0,0,10.5,0,0,1,0
238,0,2,33.0,0,0,12.275,0,0,1,0
239,0,3,29.69911764705882,1,0,14.4542,1,0,0,1
240,1,3,29.69911764705882,1,0,15.5,0,1,0,1
241,0,2,29.0,0,0,10.5,0,0,1,0
242,0,3,22.0,0,0,7.125,0,0,1,0
243,0,3,30.0,0,0,7.225,1,0,0,0
244,0,1,44.0,2,0,90.0,0,1,0,0
245,0,3,25.0,0,0,7.775,0,0,1,1
246,1,2,24.0,0,2,14.5,0,0,1,1
247,1,1,37.0,1,1,52.5542,0,0,1,0
248,0,2,54.0,1,0,26.0,0,0,1,0
249,0,3,29.69911764705882,0,0,7.25,0,0,1,0
250,0,3,29.0,1,1,10.4625,0,0,1,1
251,0,1,62.0,0,0,26.55,0,0,1,0
252,0,3,30.0,1,0,16.1,0,0,1,0
253,0,3,41.0,0,2,20.2125,0,0,1,1
254,1,3,29.0,0,2,15.2458,1,0,0,1
255,1,1,29.69911764705882,0,0,79.2,1,0,0,1
256,1,1,30.0,0,0,86.5,0,0,1,1
257,1,1,35.0,0,0,512.3292,1,0,0,1
258,1,2,50.0,0,1,26.0,0,0,1,1
259,0,3,29.69911764705882,0,0,7.75,0,1,0,0
260,1,3,3.0,4,2,31.3875,0,0,1,0
261,0,1,52.0,1,1,79.65,0,0,1,0
262,0,1,40.0,0,0,0.0,0,0,1,0
263,0,3,29.69911764705882,0,0,7.75,0,1,0,1
264,0,2,36.0,0,0,10.5,0,0,1,0
265,0,3,16.0,4,1,39.6875,0,0,1,0
266,1,3,25.0,1,0,7.775,0,0,1,0
267,1,1,58.0,0,1,153.4625,0,0,1,1
268,1,1,35.0,0,0,135.6333,0,0,1,1
269,0,1,29.69911764705882,0,0,31.0,0,0,1,0
270,1,3,25.0,0,0,0.0,0,0,1,0
271,1,2,41.0,0,1,19.5,0,0,1,1
272,0,1,37.0,0,1,29.7,1,0,0,0
273,1,3,29.69911764705882,0,0,7.75,0,1,0,1
274,1,1,63.0,1,0,77.9583,0,0,1,1
275,0,3,45.0,0,0,7.75,0,0,1,1
276,0,2,29.69911764705882,0,0,0.0,0,0,1,0
277,0,3,7.0,4,1,29.125,0,1,0,0
278,1,3,35.0,1,1,20.25,0,0,1,1
279,0,3,65.0,0,0,7.75,0,1,0,0
280,0,3,28.0,0,0,7.8542,0,0,1,0
281,0,3,16.0,0,0,9.5,0,0,1,0
282,1,3,19.0,0,0,8.05,0,0,1,0
283,0,1,29.69911764705882,0,0,26.0,0,0,1,0
284,0,3,33.0,0,0,8.6625,1,0,0,0
285,1,3,30.0,0,0,9.5,0,0,1,0
286,0,3,22.0,0,0,7.8958,0,0,1,0
287,1,2,42.0,0,0,13.0,0,0,1,0
288,1,3,22.0,0,0,7.75,0,1,0,1
289,1,1,26.0,0,0,78.85,0,0,1,1
290,1,1,19.0,1,0,91.0792,1,0,0,1
291,0,2,36.0,0,0,12.875,1,0,0,0
292,0,3,24.0,0,0,8.85,0,0,1,1
293,0,3,24.0,0,0,7.8958,0,0,1,0
294,0,1,29.69911764705882,0,0,27.7208,1,0,0,0
295,0,3,23.5,0,0,7.2292,1,0,0,0
296,0,1,2.0,1,2,151.55,0,0,1,1
297,1,1,29.69911764705882,0,0,30.5,0,0,1,0
298,1,1,50.0,0,1,247.5208,1,0,0,1
299,1,3,29.69911764705882,0,0,7.75,0,1,0,1
300,1,3,29.69911764705882,2,0,23.25,0,1,0,0
301,0,3,19.0,0,0,0.0,0,0,1,0
302,1,2,29.69911764705882,0,0,12.35,0,1,0,1
303,0,3,29.69911764705882,0,0,8.05,0,0,1,0
304,1,1,0.92,1,2,151.55,0,0,1,0
305,1,1,29.69911764705882,0,0,110.8833,1,0,0,1
306,1,1,17.0,1,0,108.9,1,0,0,1
307,0,2,30.0,1,0,24.0,1,0,0,0
308,1,1,30.0,0,0,56.9292,1,0,0,1
309,1,1,24.0,0,0,83.1583,1,0,0,1
310,1,1,18.0,2,2,262.375,1,0,0,1
311,0,2,26.0,1,1,26.0,0,0,1,1
312,0,3,28.0,0,0,7.8958,0,0,1,0
313,0,2,43.0,1,1,26.25,0,0,1,0
314,1,3,26.0,0,0,7.8542,0,0,1,1
315,1,2,24.0,1,0,26.0,0,0,1,1
316,0,2,54.0,0,0,14.0,0,0,1,0
317,1,1,31.0,0,2,164.8667,0,0,1,1
318,1,1,40.0,1,1,134.5,1,0,0,1
319,0,3,22.0,0,0,7.25,0,0,1,0
320,0,3,27.0,0,0,7.8958,0,0,1,0
321,1,2,30.0,0,0,12.35,0,1,0,1
322,1,2,22.0,1,1,29.0,0,0,1,1
323,0,3,29.69911764705882,8,2,69.55,0,0,1,0
324,1,1,36.0,0,0,135.6333,1,0,0,1
325,0,3,61.0,0,0,6.2375,0,0,1,0
326,1,2,36.0,0,0,13.0,0,0,1,1
327,1,3,31.0,1,1,20.525,0,0,1,1
328,1,1,16.0,0,1,57.9792,1,0,0,1
329,1,3,29.69911764705882,2,0,23.25,0,1,0,1
330,0,1,45.5,0,0,28.5,0,0,1,0
331,0,1,38.0,0,1,153.4625,0,0,1,0
332,0,3,16.0,2,0,18.0,0,0,1,0
333,1,1,29.69911764705882,1,0,133.65,0,0,1,1
334,0,3,29.69911764705882,0,0,7.8958,0,0,1,0
335,0,1,29.0,1,0,66.6,0,0,1,0
336,1,1,41.0,0,0,134.5,1,0,0,1
337,1,3,45.0,0,0,8.05,0,0,1,0
338,0,1,45.0,0,0,35.5,0,0,1,0
339,1,2,2.0,1,1,26.0,0,0,1,0
340,1,1,24.0,3,2,263.0,0,0,1,1
341,0,2,28.0,0,0,13.0,0,0,1,0
342,0,2,25.0,0,0,13.0,0,0,1,0
343,0,2,36.0,0,0,13.0,0,0,1,0
344,1,2,24.0,0,0,13.0,0,0,1,1
345,1,2,40.0,0,0,13.0,0,0,1,1
346,1,3,29.69911764705882,1,0,16.1,0,0,1,1
347,1,3,3.0,1,1,15.9,0,0,1,0
348,0,3,42.0,0,0,8.6625,0,0,1,0
349,0,3,23.0,0,0,9.225,0,0,1,0
350,0,1,29.69911764705882,0,0,35.0,0,0,1,0
351,0,3,15.0,1,1,7.2292,1,0,0,0
352,0,3,25.0,1,0,17.8,0,0,1,0
353,0,3,29.69911764705882,0,0,7.225,1,0,0,0
354,0,3,28.0,0,0,9.5,0,0,1,0
355,1,1,22.0,0,1,55.0,0,0,1,1
356,0,2,38.0,0,0,13.0,0,0,1,1
357,1,3,29.69911764705882,0,0,7.8792,0,1,0,1
358,1,3,29.69911764705882,0,0,7.8792,0,1,0,1
359,0,3,40.0,1,4,27.9,0,0,1,0
360,0,2,29.0,1,0,27.7208,1,0,0,0
361,0,3,45.0,0,1,14.4542,1,0,0,1
362,0,3,35.0,0,0,7.05,0,0,1,0
363,0,3,29.69911764705882,1,0,15.5,0,1,0,0
364,0,3,30.0,0,0,7.25,0,0,1,0
365,1,1,60.0,1,0,75.25,1,0,0,1
366,1,3,29.69911764705882,0,0,7.2292,1,0,0,1
367,1,3,29.69911764705882,0,0,7.75,0,1,0,1
368,1,1,24.0,0,0,69.3,1,0,0,1
369,1,1,25.0,1,0,55.4417,1,0,0,0
370,0,3,18.0,1,0,6.4958,0,0,1,0
371,0,3,19.0,0,0,8.05,0,0,1,0
372,0,1,22.0,0,0,135.6333,1,0,0,0
373,0,3,3.0,3,1,21.075,0,0,1,1
374,1,1,29.69911764705882,1,0,82.1708,1,0,0,1
375,1,3,22.0,0,0,7.25,0,0,1,1
376,0,1,27.0,0,2,211.5,1,0,0,0
377,0,3,20.0,0,0,4.0125,1,0,0,0
378,0,3,19.0,0,0,7.775,0,0,1,0
379,1,1,42.0,0,0,227.525,1,0,0,1
380,1,3,1.0,0,2,15.7417,1,0,0,1
381,0,3,32.0,0,0,7.925,0,0,1,0
382,1,1,35.0,1,0,52.0,0,0,1,1
383,0,3,29.69911764705882,0,0,7.8958,0,0,1,0
384,0,2,18.0,0,0,73.5,0,0,1,0
385,0,3,1.0,5,2,46.9,0,0,1,0
386,1,2,36.0,0,0,13.0,0,0,1,1
387,0,3,29.69911764705882,0,0,7.7292,0,1,0,0
388,1,2,17.0,0,0,12.0,1,0,0,1
389,1,1,36.0,1,2,120.0,0,0,1,0
390,1,3,21.0,0,0,7.7958,0,0,1,0
391,0,3,28.0,2,0,7.925,0,0,1,0
392,1,1,23.0,1,0,113.275,1,0,0,1
393,1,3,24.0,0,2,16.7,0,0,1,1
394,0,3,22.0,0,0,7.7958,0,0,1,0
395,0,3,31.0,0,0,7.8542,0,0,1,1
396,0,2,46.0,0,0,26.0,0,0,1,0
397,0,2,23.0,0,0,10.5,0,0,1,0
398,1,2,28.0,0,0,12.65,0,0,1,1
399,1,3,39.0,0,0,7.925,0,0,1,0
400,0,3,26.0,0,0,8.05,0,0,1,0
401,0,3,21.0,1,0,9.825,0,0,1,1
402,0,3,28.0,1,0,15.85,0,0,1,0
403,0,3,20.0,0,0,8.6625,0,0,1,1
404,0,2,34.0,1,0,21.0,0,0,1,0
405,0,3,51.0,0,0,7.75,0,0,1,0
406,1,2,3.0,1,1,18.75,0,0,1,0
407,0,3,21.0,0,0,7.775,0,0,1,0
408,0,3,29.69911764705882,3,1,25.4667,0,0,1,1
409,0,3,29.69911764705882,0,0,7.8958,0,0,1,0
410,0,3,29.69911764705882,0,0,6.8583,0,1,0,0
411,1,1,33.0,1,0,90.0,0,1,0,1
412,0,2,29.69911764705882,0,0,0.0,0,0,1,0
413,1,3,44.0,0,0,7.925,0,0,1,0
414,0,3,29.69911764705882,0,0,8.05,0,0,1,1
415,1,2,34.0,1,1,32.5,0,0,1,1
416,1,2,18.0,0,2,13.0,0,0,1,1
417,0,2,30.0,0,0,13.0,0,0,1,0
418,0,3,10.0,0,2,24.15,0,0,1,1
419,0,3,29.69911764705882,0,0,7.8958,1,0,0,0
420,0,3,21.0,0,0,7.7333,0,1,0,0
421,0,3,29.0,0,0,7.875,0,0,1,0
422,0,3,28.0,1,1,14.4,0,0,1,1
423,0,3,18.0,1,1,20.2125,0,0,1,0
424,0,3,29.69911764705882,0,0,7.25,0,0,1,0
425,1,2,28.0,1,0,26.0,0,0,1,1
426,1,2,19.0,0,0,26.0,0,0,1,1
427,0,3,29.69911764705882,0,0,7.75,0,1,0,0
428,1,3,32.0,0,0,8.05,0,0,1,0
429,1,1,28.0,0,0,26.55,0,0,1,0
430,1,3,29.69911764705882,1,0,16.1,0,0,1,1
431,1,2,42.0,1,0,26.0,0,0,1,1
432,0,3,17.0,0,0,7.125,0,0,1,0
433,0,1,50.0,1,0,55.9,0,0,1,0
434,1,1,14.0,1,2,120.0,0,0,1,1
435,0,3,21.0,2,2,34.375,0,0,1,1
436,1,2,24.0,2,3,18.75,0,0,1,1
437,0,1,64.0,1,4,263.0,0,0,1,0
438,0,2,31.0,0,0,10.5,0,0,1,0
439,1,2,45.0,1,1,26.25,0,0,1,1
440,0,3,20.0,0,0,9.5,0,0,1,0
441,0,3,25.0,1,0,7.775,0,0,1,0
442,1,2,28.0,0,0,13.0,0,0,1,1
443,1,3,29.69911764705882,0,0,8.1125,0,0,1,0
444,1,1,4.0,0,2,81.8583,0,0,1,0
445,1,2,13.0,0,1,19.5,0,0,1,1
446,1,1,34.0,0,0,26.55,0,0,1,0
447,1,3,5.0,2,1,19.2583,1,0,0,1
448,1,1,52.0,0,0,30.5,0,0,1,0
449,0,2,36.0,1,2,27.75,0,0,1,0
450,0,3,29.69911764705882,1,0,19.9667,0,0,1,0
451,0,1,30.0,0,0,27.75,1,0,0,0
452,1,1,49.0,1,0,89.1042,1,0,0,0
453,0,3,29.69911764705882,0,0,8.05,0,0,1,0
454,1,3,29.0,0,0,7.8958,1,0,0,0
455,0,1,65.0,0,0,26.55,0,0,1,0
456,1,1,29.69911764705882,1,0,51.8625,0,0,1,1
457,1,2,50.0,0,0,10.5,0,0,1,1
458,0,3,29.69911764705882,0,0,7.75,0,1,0,0
459,1,1,48.0,0,0,26.55,0,0,1,0
460,0,3,34.0,0,0,8.05,0,0,1,0
461,0,1,47.0,0,0,38.5,0,0,1,0
462,0,2,48.0,0,0,13.0,0,0,1,0
463,0,3,29.69911764705882,0,0,8.05,0,0,1,0
464,0,3,38.0,0,0,7.05,0,0,1,0
465,0,2,29.69911764705882,0,0,0.0,0,0,1,0
466,0,1,56.0,0,0,26.55,0,0,1,0
467,0,3,29.69911764705882,0,0,7.725,0,1,0,0
468,1,3,0.75,2,1,19.2583,1,0,0,1
469,0,3,29.69911764705882,0,0,7.25,0,0,1,0
470,0,3,38.0,0,0,8.6625,0,0,1,0
471,1,2,33.0,1,2,27.75,0,0,1,1
472,1,2,23.0,0,0,13.7917,1,0,0,1
473,0,3,22.0,0,0,9.8375,0,0,1,1
474,0,1,29.69911764705882,0,0,52.0,0,0,1,0
475,0,2,34.0,1,0,21.0,0,0,1,0
476,0,3,29.0,1,0,7.0458,0,0,1,0
477,0,3,22.0,0,0,7.5208,0,0,1,0
478,1,3,2.0,0,1,12.2875,0,0,1,1
479,0,3,9.0,5,2,46.9,0,0,1,0
480,0,2,29.69911764705882,0,0,0.0,0,0,1,0
481,0,3,50.0,0,0,8.05,0,0,1,0
482,1,3,63.0,0,0,9.5875,0,0,1,1
483,1,1,25.0,1,0,91.0792,1,0,0,0
484,0,3,29.69911764705882,3,1,25.4667,0,0,1,1
485,1,1,35.0,1,0,90.0,0,0,1,1
486,0,1,58.0,0,0,29.7,1,0,0,0
487,0,3,30.0,0,0,8.05,0,0,1,0
488,1,3,9.0,1,1,15.9,0,0,1,0
489,0,3,29.69911764705882,1,0,19.9667,0,0,1,0
490,0,3,21.0,0,0,7.25,0,0,1,0
491,0,1,55.0,0,0,30.5,0,0,1,0
492,0,1,71.0,0,0,49.5042,1,0,0,0
493,0,3,21.0,0,0,8.05,0,0,1,0
494,0,3,29.69911764705882,0,0,14.4583,1,0,0,0
495,1,1,54.0,1,0,78.2667,1,0,0,1
496,0,3,29.69911764705882,0,0,15.1,0,0,1,0
497,0,1,25.0,1,2,151.55,0,0,1,1
498,0,3,24.0,0,0,7.7958,0,0,1,0
499,0,3,17.0,0,0,8.6625,0,0,1,0
500,0,3,21.0,0,0,7.75,0,1,0,1
501,0,3,29.69911764705882,0,0,7.6292,0,1,0,1
502,0,3,37.0,0,0,9.5875,0,0,1,1
503,1,1,16.0,0,0,86.5,0,0,1,1
504,0,1,18.0,1,0,108.9,1,0,0,0
505,1,2,33.0,0,2,26.0,0,0,1,1
506,1,1,29.69911764705882,0,0,26.55,0,0,1,0
507,0,3,28.0,0,0,22.525,0,0,1,0
508,1,3,26.0,0,0,56.4958,0,0,1,0
509,1,3,29.0,0,0,7.75,0,1,0,0
510,0,3,29.69911764705882,0,0,8.05,0,0,1,0
511,1,1,36.0,0,0,26.2875,0,0,1,0
512,1,1,54.0,1,0,59.4,1,0,0,1
513,0,3,24.0,0,0,7.4958,0,0,1,0
514,0,1,47.0,0,0,34.0208,0,0,1,0
515,1,2,34.0,0,0,10.5,0,0,1,1
516,0,3,29.69911764705882,0,0,24.15,0,1,0,0
517,1,2,36.0,1,0,26.0,0,0,1,1
518,0,3,32.0,0,0,7.8958,0,0,1,0
519,1,1,30.0,0,0,93.5,0,0,1,1
520,0,3,22.0,0,0,7.8958,0,0,1,0
521,0,3,29.69911764705882,0,0,7.225,1,0,0,0
522,1,1,44.0,0,1,57.9792,1,0,0,1
523,0,3,29.69911764705882,0,0,7.2292,1,0,0,0
524,0,3,40.5,0,0,7.75,0,1,0,0
525,1,2,50.0,0,0,10.5,0,0,1,1
526,0,1,29.69911764705882,0,0,221.7792,0,0,1,0
527,0,3,39.0,0,0,7.925,0,0,1,0
528,0,2,23.0,2,1,11.5,0,0,1,0
529,1,2,2.0,1,1,26.0,0,0,1,1
530,0,3,29.69911764705882,0,0,7.2292,1,0,0,0
531,0,3,17.0,1,1,7.2292,1,0,0,0
532,1,3,29.69911764705882,0,2,22.3583,1,0,0,1
533,0,3,30.0,0,0,8.6625,0,0,1,1
534,1,2,7.0,0,2,26.25,0,0,1,1
535,0,1,45.0,0,0,26.55,0,0,1,0
536,1,1,30.0,0,0,106.425,1,0,0,1
537,0,3,29.69911764705882,0,0,14.5,0,0,1,0
538,1,1,22.0,0,2,49.5,1,0,0,1
539,1,1,36.0,0,2,71.0,0,0,1,1
540,0,3,9.0,4,2,31.275,0,0,1,1
541,0,3,11.0,4,2,31.275,0,0,1,1
542,1,2,32.0,1,0,26.0,0,0,1,0
543,0,1,50.0,1,0,106.425,1,0,0,0
544,0,1,64.0,0,0,26.0,0,0,1,0
545,1,2,19.0,1,0,26.0,0,0,1,1
546,1,2,29.69911764705882,0,0,13.8625,1,0,0,0
547,0,3,33.0,1,1,20.525,0,0,1,0
548,1,2,8.0,1,1,36.75,0,0,1,0
549,1,1,17.0,0,2,110.8833,1,0,0,0
550,0,2,27.0,0,0,26.0,0,0,1,0
551,0,3,29.69911764705882,0,0,7.8292,0,1,0,0
552,1,3,22.0,0,0,7.225,1,0,0,0
553,1,3,22.0,0,0,7.775,0,0,1,1
554,0,1,62.0,0,0,26.55,0,0,1,0
555,1,1,48.0,1,0,39.6,1,0,0,1
556,0,1,29.69911764705882,0,0,227.525,1,0,0,0
557,1,1,39.0,1,1,79.65,0,0,1,1
558,1,3,36.0,1,0,17.4,0,0,1,1
559,0,3,29.69911764705882,0,0,7.75,0,1,0,0
560,0,3,40.0,0,0,7.8958,0,0,1,0
561,0,2,28.0,0,0,13.5,0,0,1,0
562,0,3,29.69911764705882,0,0,8.05,0,0,1,0
563,0,3,29.69911764705882,0,0,8.05,0,0,1,1
564,0,3,24.0,2,0,24.15,0,0,1,0
565,0,3,19.0,0,0,7.8958,0,0,1,0
566,0,3,29.0,0,4,21.075,0,0,1,1
567,0,3,29.69911764705882,0,0,7.2292,1,0,0,0
568,1,3,32.0,0,0,7.8542,0,0,1,0
569,1,2,62.0,0,0,10.5,0,0,1,0
570,1,1,53.0,2,0,51.4792,0,0,1,1
571,1,1,36.0,0,0,26.3875,0,0,1,0
572,1,3,29.69911764705882,0,0,7.75,0,1,0,1
573,0,3,16.0,0,0,8.05,0,0,1,0
574,0,3,19.0,0,0,14.5,0,0,1,0
575,1,2,34.0,0,0,13.0,0,0,1,1
576,1,1,39.0,1,0,55.9,0,0,1,1
577,0,3,29.69911764705882,1,0,14.4583,1,0,0,1
578,1,3,32.0,0,0,7.925,0,0,1,0
579,1,2,25.0,1,1,30.0,0,0,1,1
580,1,1,39.0,1,1,110.8833,1,0,0,1
581,0,2,54.0,0,0,26.0,0,0,1,0
582,0,1,36.0,0,0,40.125,1,0,0,0
583,0,3,29.69911764705882,0,0,8.7125,1,0,0,0
584,1,1,18.0,0,2,79.65,0,0,1,1
585,0,2,47.0,0,0,15.0,0,0,1,0
586,1,1,60.0,1,1,79.2,1,0,0,0
587,0,3,22.0,0,0,8.05,0,0,1,0
588,0,3,29.69911764705882,0,0,8.05,0,0,1,0
589,0,3,35.0,0,0,7.125,0,0,1,0
590,1,1,52.0,1,0,78.2667,1,0,0,1
591,0,3,47.0,0,0,7.25,0,0,1,0
592,0,3,29.69911764705882,0,2,7.75,0,1,0,1
593,0,2,37.0,1,0,26.0,0,0,1,0
594,0,3,36.0,1,1,24.15,0,0,1,0
595,1,2,29.69911764705882,0,0,33.0,0,0,1,1
596,0,3,49.0,0,0,0.0,0,0,1,0
597,0,3,29.69911764705882,0,0,7.225,1,0,0,0
598,1,1,49.0,1,0,56.9292,1,0,0,0
599,1,2,24.0,2,1,27.0,0,0,1,1
600,0,3,29.69911764705882,0,0,7.8958,0,0,1,0
601,0,1,29.69911764705882,0,0,42.4,0,0,1,0
602,0,3,44.0,0,0,8.05,0,0,1,0
603,1,1,35.0,0,0,26.55,1,0,0,0
604,0,3,36.0,1,0,15.55,0,0,1,0
605,0,3,30.0,0,0,7.8958,0,0,1,0
606,1,1,27.0,0,0,30.5,0,0,1,0
607,1,2,22.0,1,2,41.5792,1,0,0,1
608,1,1,40.0,0,0,153.4625,0,0,1,1
609,0,3,39.0,1,5,31.275,0,0,1,1
610,0,3,29.69911764705882,0,0,7.05,0,0,1,0
611,1,3,29.69911764705882,1,0,15.5,0,1,0,1
612,0,3,29.69911764705882,0,0,7.75,0,1,0,0
613,0,3,35.0,0,0,8.05,0,0,1,0
614,1,2,24.0,1,2,65.0,0,0,1,1
615,0,3,34.0,1,1,14.4,0,0,1,0
616,0,3,26.0,1,0,16.1,0,0,1,1
617,1,2,4.0,2,1,39.0,0,0,1,1
618,0,2,26.0,0,0,10.5,0,0,1,0
619,0,3,27.0,1,0,14.4542,1,0,0,0
620,1,1,42.0,1,0,52.5542,0,0,1,0
621,1,3,20.0,1,1,15.7417,1,0,0,0
622,0,3,21.0,0,0,7.8542,0,0,1,0
623,0,3,21.0,0,0,16.1,0,0,1,0
624,0,1,61.0,0,0,32.3208,0,0,1,0
625,0,2,57.0,0,0,12.35,0,1,0,0
626,1,1,21.0,0,0,77.9583,0,0,1,1
627,0,3,26.0,0,0,7.8958,0,0,1,0
628,0,3,29.69911764705882,0,0,7.7333,0,1,0,0
629,1,1,80.0,0,0,30.0,0,0,1,0
630,0,3,51.0,0,0,7.0542,0,0,1,0
631,1,1,32.0,0,0,30.5,1,0,0,0
632,0,1,29.69911764705882,0,0,0.0,0,0,1,0
633,0,3,9.0,3,2,27.9,0,0,1,1
634,1,2,28.0,0,0,13.0,0,0,1,1
635,0,3,32.0,0,0,7.925,0,0,1,0
636,0,2,31.0,1,1,26.25,0,0,1,0
637,0,3,41.0,0,5,39.6875,0,0,1,1
638,0,3,29.69911764705882,1,0,16.1,0,0,1,0
639,0,3,20.0,0,0,7.8542,0,0,1,0
640,1,1,24.0,0,0,69.3,1,0,0,1
641,0,3,2.0,3,2,27.9,0,0,1,1
642,1,3,29.69911764705882,0,0,56.4958,0,0,1,0
643,1,3,0.75,2,1,19.2583,1,0,0,1
644,1,1,48.0,1,0,76.7292,1,0,0,0
645,0,3,19.0,0,0,7.8958,0,0,1,0
646,1,1,56.0,0,0,35.5,1,0,0,0
647,0,3,29.69911764705882,0,0,7.55,0,0,1,0
648,1,3,23.0,0,0,7.55,0,0,1,1
649,0,3,29.69911764705882,0,0,7.8958,0,0,1,0
650,1,2,18.0,0,1,23.0,0,0,1,1
651,0,3,21.0,0,0,8.4333,0,0,1,0
652,1,3,29.69911764705882,0,0,7.8292,0,1,0,1
653,0,3,18.0,0,0,6.75,0,1,0,1
654,0,2,24.0,2,0,73.5,0,0,1,0
655,0,3,29.69911764705882,0,0,7.8958,0,0,1,0
656,0,3,32.0,1,1,15.5,0,1,0,1
657,0,2,23.0,0,0,13.0,0,0,1,0
658,0,1,58.0,0,2,113.275,1,0,0,0
659,1,1,50.0,2,0,133.65,0,0,1,0
660,0,3,40.0,0,0,7.225,1,0,0,0
661,0,1,47.0,0,0,25.5875,0,0,1,0
662,0,3,36.0,0,0,7.4958,0,0,1,0
663,1,3,20.0,1,0,7.925,0,0,1,0
664,0,2,32.0,2,0,73.5,0,0,1,0
665,0,2,25.0,0,0,13.0,0,0,1,0
666,0,3,29.69911764705882,0,0,7.775,0,0,1,0
667,0,3,43.0,0,0,8.05,0,0,1,0
668,1,1,29.69911764705882,1,0,52.0,0,0,1,1
669,1,2,40.0,1,1,39.0,0,0,1,1
670,0,1,31.0,1,0,52.0,0,0,1,0
671,0,2,70.0,0,0,10.5,0,0,1,0
672,1,2,31.0,0,0,13.0,0,0,1,0
673,0,2,29.69911764705882,0,0,0.0,0,0,1,0
674,0,3,18.0,0,0,7.775,0,0,1,0
675,0,3,24.5,0,0,8.05,0,0,1,0
676,1,3,18.0,0,0,9.8417,0,0,1,1
677,0,3,43.0,1,6,46.9,0,0,1,1
678,1,1,36.0,0,1,512.3292,1,0,0,0
679,0,3,29.69911764705882,0,0,8.1375,0,1,0,1
680,1,1,27.0,0,0,76.7292,1,0,0,0
681,0,3,20.0,0,0,9.225,0,0,1,0
682,0,3,14.0,5,2,46.9,0,0,1,0
683,0,2,60.0,1,1,39.0,0,0,1,0
684,0,2,25.0,1,2,41.5792,1,0,0,0
685,0,3,14.0,4,1,39.6875,0,0,1,0
686,0,3,19.0,0,0,10.1708,0,0,1,0
687,0,3,18.0,0,0,7.7958,0,0,1,0
688,1,1,15.0,0,1,211.3375,0,0,1,1
689,1,1,31.0,1,0,57.0,0,0,1,0
690,1,3,4.0,0,1,13.4167,1,0,0,1
691,1,3,29.69911764705882,0,0,56.4958,0,0,1,0
692,0,3,25.0,0,0,7.225,1,0,0,0
693,0,1,60.0,0,0,26.55,0,0,1,0
694,0,2,52.0,0,0,13.5,0,0,1,0
695,0,3,44.0,0,0,8.05,0,0,1,0
696,1,3,29.69911764705882,0,0,7.7333,0,1,0,1
697,0,1,49.0,1,1,110.8833,1,0,0,0
698,0,3,42.0,0,0,7.65,0,0,1,0
699,1,1,18.0,1,0,227.525,1,0,0,1
700,1,1,35.0,0,0,26.2875,0,0,1,0
701,0,3,18.0,0,1,14.4542,1,0,0,1
702,0,3,25.0,0,0,7.7417,0,1,0,0
703,0,3,26.0,1,0,7.8542,0,0,1,0
704,0,2,39.0,0,0,26.0,0,0,1,0
705,1,2,45.0,0,0,13.5,0,0,1,1
706,1,1,42.0,0,0,26.2875,0,0,1,0
707,1,1,22.0,0,0,151.55,0,0,1,1
708,1,3,29.69911764705882,1,1,15.2458,1,0,0,0
709,1,1,24.0,0,0,49.5042,1,0,0,1
710,0,1,29.69911764705882,0,0,26.55,0,0,1,0
711,1,1,48.0,1,0,52.0,0,0,1,0
712,0,3,29.0,0,0,9.4833,0,0,1,0
713,0,2,52.0,0,0,13.0,0,0,1,0
714,0,3,19.0,0,0,7.65,0,0,1,0
715,1,1,38.0,0,0,227.525,1,0,0,1
716,1,2,27.0,0,0,10.5,0,0,1,1
717,0,3,29.69911764705882,0,0,15.5,0,1,0,0
718,0,3,33.0,0,0,7.775,0,0,1,0
719,1,2,6.0,0,1,33.0,0,0,1,1
720,0,3,17.0,1,0,7.0542,0,0,1,0
721,0,2,34.0,0,0,13.0,0,0,1,0
722,0,2,50.0,0,0,13.0,0,0,1,0
723,1,1,27.0,1,0,53.1,0,0,1,0
724,0,3,20.0,0,0,8.6625,0,0,1,0
725,1,2,30.0,3,0,21.0,0,0,1,1
726,1,3,29.69911764705882,0,0,7.7375,0,1,0,1
727,0,2,25.0,1,0,26.0,0,0,1,0
728,0,3,25.0,1,0,7.925,0,0,1,1
729,1,1,29.0,0,0,211.3375,0,0,1,1
730,0,3,11.0,0,0,18.7875,1,0,0,0
731,0,2,29.69911764705882,0,0,0.0,0,0,1,0
732,0,2,23.0,0,0,13.0,0,0,1,0
733,0,2,23.0,0,0,13.0,0,0,1,0
734,0,3,28.5,0,0,16.1,0,0,1,0
735,0,3,48.0,1,3,34.375,0,0,1,1
736,1,1,35.0,0,0,512.3292,1,0,0,0
737,0,3,29.69911764705882,0,0,7.8958,0,0,1,0
738,0,3,29.69911764705882,0,0,7.8958,0,0,1,0
739,1,1,29.69911764705882,0,0,30.0,0,0,1,0
740,0,1,36.0,1,0,78.85,0,0,1,0
741,1,1,21.0,2,2,262.375,1,0,0,1
742,0,3,24.0,1,0,16.1,0,0,1,0
743,1,3,31.0,0,0,7.925,0,0,1,0
744,0,1,70.0,1,1,71.0,0,0,1,0
745,0,3,16.0,1,1,20.25,0,0,1,0
746,1,2,30.0,0,0,13.0,0,0,1,1
747,0,1,19.0,1,0,53.1,0,0,1,0
748,0,3,31.0,0,0,7.75,0,1,0,0
749,1,2,4.0,1,1,23.0,0,0,1,1
750,1,3,6.0,0,1,12.475,0,0,1,0
751,0,3,33.0,0,0,9.5,0,0,1,0
752,0,3,23.0,0,0,7.8958,0,0,1,0
753,1,2,48.0,1,2,65.0,0,0,1,1
754,1,2,0.67,1,1,14.5,0,0,1,0
755,0,3,28.0,0,0,7.7958,0,0,1,0
756,0,2,18.0,0,0,11.5,0,0,1,0
757,0,3,34.0,0,0,8.05,0,0,1,0
758,1,1,33.0,0,0,86.5,0,0,1,1
759,0,3,29.69911764705882,0,0,14.5,0,0,1,0
760,0,3,41.0,0,0,7.125,0,0,1,0
761,1,3,20.0,0,0,7.2292,1,0,0,0
762,1,1,36.0,1,2,120.0,0,0,1,1
763,0,3,16.0,0,0,7.775,0,0,1,0
764,1,1,51.0,1,0,77.9583,0,0,1,1
765,0,1,29.69911764705882,0,0,39.6,1,0,0,0
766,0,3,30.5,0,0,7.75,0,1,0,1
767,0,3,29.69911764705882,1,0,24.15,0,1,0,0
768,0,3,32.0,0,0,8.3625,0,0,1,0
769,0,3,24.0,0,0,9.5,0,0,1,0
770,0,3,48.0,0,0,7.8542,0,0,1,0
771,0,2,57.0,0,0,10.5,0,0,1,1
772,0,3,29.69911764705882,0,0,7.225,1,0,0,0
773,1,2,54.0,1,3,23.0,0,0,1,1
774,0,3,18.0,0,0,7.75,0,0,1,0
775,0,3,29.69911764705882,0,0,7.75,0,1,0,0
776,1,3,5.0,0,0,12.475,0,0,1,1
777,0,3,29.69911764705882,0,0,7.7375,0,1,0,0
778,1,1,43.0,0,1,211.3375,0,0,1,1
779,1,3,13.0,0,0,7.2292,1,0,0,1
780,1,1,17.0,1,0,57.0,0,0,1,1
781,0,1,29.0,0,0,30.0,0,0,1,0
782,0,3,29.69911764705882,1,2,23.45,0,0,1,0
783,0,3,25.0,0,0,7.05,0,0,1,0
784,0,3,25.0,0,0,7.25,0,0,1,0
785,1,3,18.0,0,0,7.4958,0,0,1,1
786,0,3,8.0,4,1,29.125,0,1,0,0
787,1,3,1.0,1,2,20.575,0,0,1,0
788,0,1,46.0,0,0,79.2,1,0,0,0
789,0,3,29.69911764705882,0,0,7.75,0,1,0,0
790,0,2,16.0,0,0,26.0,0,0,1,0
791,0,3,29.69911764705882,8,2,69.55,0,0,1,1
792,0,1,29.69911764705882,0,0,30.6958,1,0,0,0
793,0,3,25.0,0,0,7.8958,0,0,1,0
794,0,2,39.0,0,0,13.0,0,0,1,0
795,1,1,49.0,0,0,25.9292,0,0,1,1
796,1,3,31.0,0,0,8.6833,0,0,1,1
797,0,3,30.0,0,0,7.2292,1,0,0,0
798,0,3,30.0,1,1,24.15,0,0,1,1
799,0,2,34.0,0,0,13.0,0,0,1,0
800,1,2,31.0,1,1,26.25,0,0,1,1
801,1,1,11.0,1,2,120.0,0,0,1,0
802,1,3,0.42,0,1,8.5167,1,0,0,0
803,1,3,27.0,0,0,6.975,0,0,1,0
804,0,3,31.0,0,0,7.775,0,0,1,0
805,0,1,39.0,0,0,0.0,0,0,1,0
806,0,3,18.0,0,0,7.775,0,0,1,1
807,0,2,39.0,0,0,13.0,0,0,1,0
808,1,1,33.0,1,0,53.1,0,0,1,1
809,0,3,26.0,0,0,7.8875,0,0,1,0
810,0,3,39.0,0,0,24.15,0,0,1,0
811,0,2,35.0,0,0,10.5,0,0,1,0
812,0,3,6.0,4,2,31.275,0,0,1,1
813,0,3,30.5,0,0,8.05,0,0,1,0
814,0,1,29.69911764705882,0,0,0.0,0,0,1,0
815,0,3,23.0,0,0,7.925,0,0,1,1
816,0,2,31.0,1,1,37.0042,1,0,0,0
817,0,3,43.0,0,0,6.45,0,0,1,0
818,0,3,10.0,3,2,27.9,0,0,1,0
819,1,1,52.0,1,1,93.5,0,0,1,1
820,1,3,27.0,0,0,8.6625,0,0,1,0
821,0,1,38.0,0,0,0.0,0,0,1,0
822,1,3,27.0,0,1,12.475,0,0,1,1
823,0,3,2.0,4,1,39.6875,0,0,1,0
824,0,3,29.69911764705882,0,0,6.95,0,1,0,0
825,0,3,29.69911764705882,0,0,56.4958,0,0,1,0
826,1,2,1.0,0,2,37.0042,1,0,0,0
827,1,3,29.69911764705882,0,0,7.75,0,1,0,0
828,1,3,15.0,1,0,14.4542,1,0,0,1
829,1,2,0.83,1,1,18.75,0,0,1,0
830,0,3,29.69911764705882,0,0,7.2292,1,0,0,0
831,0,3,23.0,0,0,7.8542,0,0,1,0
832,0,3,18.0,0,0,8.3,0,0,1,0
833,1,1,39.0,1,1,83.1583,1,0,0,1
834,0,3,21.0,0,0,8.6625,0,0,1,0
835,0,3,29.69911764705882,0,0,8.05,0,0,1,0
836,1,3,32.0,0,0,56.4958,0,0,1,0
837,1,1,29.69911764705882,0,0,29.7,1,0,0,0
838,0,3,20.0,0,0,7.925,0,0,1,0
839,0,2,16.0,0,0,10.5,0,0,1,0
840,1,1,30.0,0,0,31.0,1,0,0,1
841,0,3,34.5,0,0,6.4375,1,0,0,0
842,0,3,17.0,0,0,8.6625,0,0,1,0
843,0,3,42.0,0,0,7.55,0,0,1,0
844,0,3,29.69911764705882,8,2,69.55,0,0,1,0
845,0,3,35.0,0,0,7.8958,1,0,0,0
846,0,2,28.0,0,1,33.0,0,0,1,0
847,1,1,29.69911764705882,1,0,89.1042,1,0,0,1
848,0,3,4.0,4,2,31.275,0,0,1,0
849,0,3,74.0,0,0,7.775,0,0,1,0
850,0,3,9.0,1,1,15.2458,1,0,0,1
851,1,1,16.0,0,1,39.4,0,0,1,1
852,0,2,44.0,1,0,26.0,0,0,1,1
853,1,3,18.0,0,1,9.35,0,0,1,1
854,1,1,45.0,1,1,164.8667,0,0,1,1
855,1,1,51.0,0,0,26.55,0,0,1,0
856,1,3,24.0,0,3,19.2583,1,0,0,1
857,0,3,29.69911764705882,0,0,7.2292,1,0,0,0
858,0,3,41.0,2,0,14.1083,0,0,1,0
859,0,2,21.0,1,0,11.5,0,0,1,0
860,1,1,48.0,0,0,25.9292,0,0,1,1
861,0,3,29.69911764705882,8,2,69.55,0,0,1,1
862,0,2,24.0,0,0,13.0,0,0,1,0
863,1,2,42.0,0,0,13.0,0,0,1,1
864,1,2,27.0,1,0,13.8583,1,0,0,1
865,0,1,31.0,0,0,50.4958,0,0,1,0
866,0,3,29.69911764705882,0,0,9.5,0,0,1,0
867,1,3,4.0,1,1,11.1333,0,0,1,0
868,0,3,26.0,0,0,7.8958,0,0,1,0
869,1,1,47.0,1,1,52.5542,0,0,1,1
870,0,1,33.0,0,0,5.0,0,0,1,0
871,0,3,47.0,0,0,9.0,0,0,1,0
872,1,2,28.0,1,0,24.0,1,0,0,1
873,1,3,15.0,0,0,7.225,1,0,0,1
874,0,3,20.0,0,0,9.8458,0,0,1,0
875,0,3,19.0,0,0,7.8958,0,0,1,0
876,0,3,29.69911764705882,0,0,7.8958,0,0,1,0
877,1,1,56.0,0,1,83.1583,1,0,0,1
878,1,2,25.0,0,1,26.0,0,0,1,1
879,0,3,33.0,0,0,7.8958,0,0,1,0
880,0,3,22.0,0,0,10.5167,0,0,1,1
881,0,2,28.0,0,0,10.5,0,0,1,0
882,0,3,25.0,0,0,7.05,0,0,1,0
883,0,3,39.0,0,5,29.125,0,1,0,1
884,0,2,27.0,0,0,13.0,0,0,1,0
885,1,1,19.0,0,0,30.0,0,0,1,1
886,0,3,29.69911764705882,1,2,23.45,0,0,1,1
887,1,1,26.0,0,0,30.0,1,0,0,0
888,0,3,32.0,0,0,7.75,0,1,0,0
889,1,2,28.0,0,0,12.828723327140617,0,0,1,1
890,1,1,30.564667967293573,0,0,30.388276368765297,0,0,0,1
891,0,2,47.6432816896437,1,2,33.40888790945169,0,0,1,1
892,1,1,29.69911764705882,0,0,53.55119196171094,0,0,1,1
893,0,2,44.981538261681045,1,3,27.864922697193983,0,0,1,1
894,0,3,29.69911764705882,3,1,25.4667,0,0,1,1
895,0,1,48.031173069455306,0,0,39.43030160315269,1,0,0,1
896,1,1,37.72252010559603,1,0,111.07425929146538,1,0,0,1
897,0,2,44.310191164068875,1,0,26.07754779101722,0,0,1,1
898,0,3,29.747844235457414,0,0,7.636549608662163,0,1,0,1
899,1,2,24.605136919031803,0,1,26.394863080968197,0,0,1,1
900,1,2,22.35276200656846,1,1,28.64723799343154,0,0,1,1
901,0,3,29.69911764705882,0,0,7.75,0,1,0,1
902,0,1,24.32614364852838,0,0,69.31430676065692,0,0,0,1
903,1,1,53.941887072990156,0,0,152.24770261135615,0,0,0,1
904,1,2,27.66146608338567,0,0,12.136545608671042,0,0,1,1
905,0,3,14.596350080094457,0,0,14.4542,1,0,0,1
906,1,1,39.669255736382766,0,1,164.8667,0,0,1,1
907,0,3,27.658872028257115,0,0,7.905760936774892,0,0,1,1
908,1,2,17.568003050249203,0,1,11.92000762562301,0,0,1,1
909,1,1,24.132107140079363,1,0,111.12878348127481,1,0,0,1
910,1,1,32.12963264825429,0,0,91.01542857703666,0,0,0,1
911,1,2,33.738685105199785,0,1,26.0,0,0,1,1
912,0,3,29.69911764705882,0,0,8.05701860330776,0,1,0,1
913,1,1,37.365664459446826,0,0,71.19344637068065,0,0,0,1
914,1,1,30.0,0,0,99.4349342285051,0,0,0,1
915,1,2,27.230066320236922,0,0,13.66083407734065,0,0,0,1
916,1,1,24.9971064437919,0,0,81.01038315410568,0,0,0,1
917,1,2,45.496530381912905,0,0,13.20208177085226,0,0,1,1
918,0,3,18.0,0,0,7.348987020817645,0,0,0,1
919,1,2,33.0,0,2,27.257256485315096,0,0,1,1
920,0,3,29.69911764705882,0,0,8.012777557195824,0,0,1,1
921,1,1,24.075164493860207,0,0,78.50672483583503,0,0,1,1
922,1,2,24.0,0,1,14.604575661723112,0,0,1,1
923,0,2,41.200719585407676,1,3,42.16189490824021,0,0,1,1
924,1,2,29.408652775890143,1,0,24.466258272399337,0,0,0,1
925,1,1,48.06531690033601,1,0,52.363330722023136,0,0,1,1
926,1,1,48.75375862110254,1,1,64.29649195363763,0,0,0,1
927,1,1,34.283248960498895,0,1,73.271132868932,0,0,0,1
928,1,1,23.10374026056041,0,0,45.95277078247063,1,0,0,1
929,0,2,48.0,1,2,34.54427570267485,0,0,0,1
930,1,2,33.20761606930572,0,0,13.0,0,0,1,1
931,0,3,17.505710264722868,1,0,17.49924213047267,0,0,0,1
932,1,1,42.261453314152114,0,0,223.2927244771627,0,0,0,1
933,1,2,17.327819217374557,0,0,12.327819217374557,0,0,0,1
934,0,3,23.581455902470555,0,0,8.305892673211723,0,0,1,1
935,1,1,58.0,0,0,147.28403941741018,0,0,0,1
936,0,3,18.0,0,0,8.856034600482925,0,0,1,1
937,1,2,3.3582473119756435,1,1,23.962629032036535,0,0,1,1
938,0,3,29.84806873143567,0,0,7.75,0,1,0,1
939,1,1,23.42205152267488,0,0,49.50298630819761,1,0,0,1
940,1,1,44.17725235894381,0,0,58.004384015158735,1,0,0,1
941,1,3,29.69911764705882,0,0,7.75,0,1,0,1
942,1,2,30.0,0,0,12.451586813032318,0,0,0,1
943,1,2,24.0,0,2,17.13351285959042,0,0,1,1
944,1,2,24.82475199635755,1,0,29.29900798543019,0,0,1,1
945,1,1,37.26986584738357,1,0,83.2952833715334,0,0,0,1
946,0,3,30.90966324625507,1,1,20.728119831786863,0,0,1,1
947,0,3,21.574663711903597,0,0,7.75,0,1,0,1
948,0,2,23.113695757804805,0,0,13.701687068545937,0,0,0,1
949,1,1,19.00709824350088,0,0,91.08076212980609,0,0,0,1
950,0,3,29.69911764705882,0,1,7.871919871255424,0,1,0,1
951,1,1,20.28021765616784,0,0,226.04855906763134,0,0,0,1
952,1,3,17.16210688295557,3,1,7.85542372583547,0,0,1,1
953,0,1,45.03858419912452,0,0,25.9852936477404,0,0,1,1
954,0,3,28.652042393422857,1,0,14.420799441277474,0,0,0,1
955,1,2,27.44001928932893,0,0,12.552003375632562,0,0,1,1
956,1,3,21.620336600717334,0,0,7.712033660071733,0,0,0,1
957,0,3,29.838946251019244,0,0,8.028953945686517,0,0,1,1
958,1,1,34.541703934477596,0,0,89.19798188533579,0,0,1,1
959,1,2,4.0,0,1,22.781449715589666,0,0,1,1
960,0,3,29.69911764705882,0,1,15.158591586253605,1,0,0,1
961,1,1,52.59627852354981,0,0,142.9120747153271,1,0,0,1
962,0,1,47.238428028018674,1,0,40.711895079092734,0,0,0,1
963,1,2,44.296158338369544,0,0,13.382693056394924,0,0,1,1
964,0,2,44.53113298671073,1,2,27.009152674750386,0,0,1,1
965,1,2,36.0,0,0,13.0,0,0,1,1
966,0,1,48.956783242788816,0,0,34.391511222068395,1,0,0,1
967,0,3,31.0,1,0,19.855511832969082,0,0,1,1
968,1,2,15.576518112409849,0,0,13.746754624261873,1,0,0,1
969,1,3,30.86475498638895,0,1,20.715597314885976,0,0,0,1
970,1,3,29.69911764705882,0,0,7.75,0,1,0,1
971,0,3,29.751932550698843,1,0,24.15,0,0,0,1
972,1,1,29.93540288752544,0,0,56.5150156911905,0,0,0,1
973,0,2,40.180274564623275,0,0,15.703280043832232,0,0,0,1
974,0,3,29.987768691567823,1,1,24.203525783932548,0,0,1,1
975,1,1,47.38424773207942,1,1,89.82809805929583,0,0,0,1
976,0,3,13.866790225994,0,0,7.770943891246249,0,0,0,1
977,1,2,24.0,1,2,17.861956633119323,0,0,1,1
978,1,3,15.180529650536565,0,0,7.316763221367736,0,0,0,1
979,0,3,20.081330329320096,0,0,9.82550831455825,0,0,1,1
980,0,3,29.69911764705882,0,0,14.500647702612836,1,0,0,1
981,0,2,45.45875089612554,0,0,8.002312992869044,0,0,1,1
982,0,3,32.12652851033124,1,0,15.544284978615934,0,0,0,1
983,1,1,37.61016495563283,0,0,110.8833,1,0,0,1
984,0,3,29.91162366911819,1,0,23.885648511731834,0,0,0,1
985,0,3,29.69911764705882,0,0,7.975777890997161,0,1,0,1
986,1,1,18.752857880700937,0,1,25.47185827970538,0,0,1,1
987,1,1,19.0,0,0,29.73889566620547,0,0,1,1
988,1,3,29.69911764705882,1,0,15.56438042895199,0,0,0,1
989,1,2,28.0,0,0,12.889858800748128,0,0,1,1
990,1,1,16.41575191147682,0,0,212.3339123507405,0,0,0,1
991,1,2,44.23503726112397,1,0,26.186253105093666,0,0,1,1
992,1,1,39.35646521180384,0,0,56.04823249367651,0,0,0,1
993,0,2,39.977818677082574,1,3,48.826640593359855,0,0,1,1
994,0,3,21.349200088982382,0,0,7.75,0,0,0,1
995,1,3,29.69911764705882,0,0,7.8792,0,1,0,1
996,0,3,30.656651925237234,1,0,15.5,0,1,0,1
997,1,3,15.268341017137283,0,0,7.36139773901088,0,0,0,1
998,1,1,20.21029832043209,1,0,111.24084252531507,1,0,0,1
999,1,3,29.69911764705882,0,0,7.766789031314315,0,1,0,1
1000,0,2,7.693786234671443,1,2,26.82237364360394,0,0,1,1
1001,1,1,54.77226739286158,0,0,26.34962235974885,0,0,1,1
1002,1,1,40.0608769741488,0,0,134.67738468753285,0,0,0,1
1003,1,2,23.93631216249094,0,0,13.050421660955923,0,0,0,1
1004,1,1,33.205193452546226,0,0,139.31965917274428,0,0,0,1
1005,0,1,32.45675881306026,0,1,152.5007367486652,0,0,1,1
1006,0,2,7.599972176090765,2,1,21.26751339025632,0,0,1,1
1007,0,3,19.833068243885986,0,0,8.531742355435894,0,0,0,1
1008,0,3,28.203784722855655,0,1,10.729550603954214,0,0,1,1
1009,1,3,4.5759434722423435,1,1,20.431537195347108,0,0,0,1
1010,1,2,29.761322610909488,0,0,12.95823145690916,0,0,1,1
1011,0,3,18.203525587115788,0,0,7.79111922649957,0,0,1,1
1012,0,3,29.69911764705882,1,0,14.456665844636058,1,0,0,1
1013,0,2,36.04018524708407,0,0,26.04185963237924,0,0,0,1
1014,1,1,29.69911764705882,0,0,52.639183833863264,0,0,1,1
1015,1,2,18.0,0,0,10.319477596072023,0,0,1,1
1016,1,1,51.00355060389863,0,0,77.96199262805457,0,0,0,1
1017,0,2,43.66192764207266,0,0,13.805591725700689,0,0,0,1
1018,1,1,32.300890436552095,0,0,91.88937669441353,0,0,1,1
1019,0,2,17.0,0,0,12.219245281007593,1,0,0,1
1020,1,3,29.69911764705882,1,0,16.1,0,0,1,1
1021,0,2,42.26622294557765,1,5,47.36778287219425,0,0,1,1
1022,1,1,36.890750183086766,0,0,157.40233408467134,0,0,1,1
1023,1,1,36.35684961896118,1,0,86.17224032699222,0,0,0,1
1024,1,1,34.953178007518936,1,0,90.0,0,0,0,1
1025,1,1,38.642948975828055,0,0,135.0342491851388,1,0,0,1
1026,0,2,4.212530889915416,2,1,38.17909943770171,0,0,1,1
1027,1,2,35.0,0,0,20.99489256011828,0,0,1,1
1028,1,1,30.197049639821888,0,0,111.79875860730519,1,0,0,1
1029,1,1,40.81371813872901,0,0,134.5,1,0,0,1
1030,0,3,14.98525698953624,0,0,14.45499582146284,1,0,0,1
1031,0,3,29.69911764705882,3,1,25.4667,0,0,1,1
1032,1,3,29.69911764705882,0,0,7.78497369627679,0,1,0,1
1033,1,1,40.49220723000758,0,0,56.52051945452635,0,0,0,1
1034,0,1,24.719052921601673,1,0,69.33154229154985,0,0,0,1
1035,0,2,36.4502822449036,0,0,11.463411839266463,0,0,1,1
1036,1,3,29.69911764705882,1,0,15.662121860997827,0,0,0,1
1037,0,2,40.36812356270993,0,0,17.39275139859307,0,0,1,1
1038,1,1,59.41449022575338,0,0,76.40759673691862,1,0,0,1
1039,0,3,39.0,0,5,30.138834165267777,0,0,0,1
1040,1,1,35.16881901588157,0,1,118.79737039140632,0,0,0,1
1041,1,1,55.738688748628356,0,0,147.39287468409148,0,0,0,1
1042,1,1,41.50593109136525,0,0,216.17454809170502,0,0,0,1
1043,0,3,20.0,0,0,9.699153826333415,0,0,1,1
1044,0,2,40.0,0,0,10.782203116827343,0,0,1,1
1045,0,2,16.498603183793772,3,1,51.93589215631709,0,0,1,1
1046,1,1,31.49110952756116,0,0,31.559166072835435,0,0,0,1
1047,1,2,34.12715229528992,0,0,13.0,0,0,1,1
1048,1,3,1.0422526136767551,0,1,15.595751021837753,0,0,0,1
1049,1,1,23.126264944154194,0,0,68.12045767460816,0,0,0,1
1050,1,2,28.836024678171988,0,0,13.0,0,0,1,1
1051,1,3,29.69911764705882,0,0,7.76131364335312,0,1,0,1
1052,0,3,29.69911764705882,8,2,69.55,0,0,1,1
1053,1,2,30.82675687502187,1,0,20.60729048436461,0,0,1,1
1054,1,2,18.240687655961207,0,0,23.722062967883616,0,0,1,1
1055,1,3,29.69911764705882,0,0,7.853050326765662,0,1,0,1
1056,1,2,24.0,0,0,13.540643483749918,0,0,1,1
1057,1,1,47.506094557854084,0,0,150.56777463376358,0,0,0,1
1058,1,1,33.998801463299735,0,0,217.5619691297819,0,0,0,1
1059,1,1,33.0,0,0,89.28679994643905,0,0,0,1
1060,0,2,17.0,0,0,12.870081654968114,1,0,0,1
1061,1,1,49.32808060987,1,0,76.83008478753503,1,0,0,1
1062,0,2,57.8553725237295,0,0,10.369912095349472,0,0,1,1
1063,1,2,29.14852155229045,0,0,12.44721447406331,0,0,0,1
1064,0,3,30.094798203282238,0,0,8.585874612286966,0,0,1,1
1065,0,3,3.179576601954401,3,1,21.075,0,0,1,1
1066,1,1,23.5331498224277,0,0,227.525,1,0,0,1
1067,1,1,37.69036922073885,0,1,75.87389791979703,0,0,1,1
1068,1,2,22.977919747598808,1,1,29.325973249199603,0,0,1,1
1069,1,3,29.69911764705882,0,1,22.3583,1,0,0,1
1070,1,3,29.69911764705882,0,0,7.833975666730877,0,1,0,1
1071,1,1,19.948959601356655,2,2,262.57801662514134,0,0,0,1
1072,1,2,28.0,0,0,13.0,0,0,1,1
1073,1,2,29.18769120312485,1,0,26.023461400390605,0,0,1,1
1074,0,2,8.868044268890587,2,2,27.68227304366947,0,0,1,1
1075,1,3,20.7038322335894,0,0,7.680238728950522,0,0,1,1
1076,1,1,36.593999662692255,1,1,122.15324877725942,0,0,0,1
1077,1,1,22.690454846085412,0,0,73.07947826871289,0,0,0,1
1078,1,1,16.881783853939286,0,0,87.84595487465293,0,0,0,1
1079,1,3,26.0,0,0,7.898167855758428,0,0,1,1
1080,1,1,38.29337077871469,0,0,153.28117064523843,0,0,1,1
1081,1,3,29.69911764705882,0,0,7.75,0,1,0,1
1082,1,3,29.69911764705882,0,0,7.75,0,1,0,1
1083,0,3,29.69911764705882,1,0,14.729202900914373,0,0,0,1
1084,1,1,31.813467098511765,0,0,92.23057303104176,0,0,1,1
1085,1,1,22.0,0,1,49.89241364412528,0,0,0,1
1086,1,1,37.012125294145704,1,0,86.55841059376084,0,0,0,1
1087,1,3,2.983157034271896,0,0,11.79850044822065,0,0,1,1
1088,0,2,24.0,0,0,13.0,0,0,1,1
1089,1,3,4.155758844726519,1,1,17.09847785246385,0,0,0,1
1090,1,1,33.32752411555757,1,0,52.752940142716824,0,0,1,1
1091,0,3,18.0,0,0,6.926432234034449,0,0,0,1
1092,0,3,9.78870650595836,2,2,33.152504915764546,0,0,1,1
1093,1,1,50.41500257868444,0,1,24.75019574108626,0,0,1,1
1094,0,3,20.727052562016542,0,0,9.507698603344227,0,0,1,1
1095,0,2,42.355644421684325,1,0,26.225241467066738,0,0,1,1
1096,1,1,47.88028610132271,1,0,39.591021457599204,0,0,0,1
1097,1,1,21.715614884462127,1,0,112.33846918658698,1,0,0,1
1098,0,2,24.628461297562875,0,1,15.002769038050301,0,0,1,1
1099,1,3,29.69911764705882,0,0,7.75,0,1,0,1
1100,0,3,18.0,1,0,17.993092497335883,0,0,1,1
1101,0,3,31.0,0,0,8.30658263643566,0,0,1,1
1102,0,3,29.69911764705882,1,0,14.761296357810119,0,0,0,1
1103,1,2,28.555649320285585,1,0,25.11129864057117,0,0,0,1
1104,0,2,44.470200140782126,1,4,44.753507794458095,0,0,0,1
1105,1,3,29.69911764705882,0,1,22.3583,1,0,0,1
1106,1,1,31.20199937281817,0,0,92.0976673983788,0,0,0,1
1107,0,3,19.201542891346993,0,0,8.017107119075774,0,0,1,1
1108,1,3,29.69911764705882,0,0,7.851373774472408,0,1,0,1
1109,0,2,10.283629956745761,0,1,23.71037356704407,0,0,1,1
1110,0,2,27.31298148059905,1,0,21.93894444179715,0,0,0,1
1111,1,2,28.206103937833095,1,0,26.0,0,0,1,1
1112,1,2,33.25485148221472,0,0,13.0,0,0,1,1
1113,0,3,16.358237299414217,0,0,14.4542,1,0,0,1
1114,1,1,32.52181513335441,0,0,114.96744008258682,0,0,0,1
1115,1,2,5.229535618567077,0,1,23.99899769008575,0,0,1,1
1116,1,2,24.339923777061127,1,1,26.660076222938873,0,0,1,1
1117,1,3,21.622096648607208,0,0,7.727762081075901,0,0,1,1
1118,1,1,18.911973441900784,2,2,262.375,1,0,0,1
1119,1,2,30.0,0,0,12.362667107593552,0,0,0,1
1120,1,3,29.69911764705882,0,0,7.7408660613787115,0,1,0,1
1121,0,2,5.770635766112962,3,1,32.160919353388685,0,0,1,1
1122,1,3,21.0510475932722,0,0,7.65510475932722,0,0,1,1
1123,1,3,1.9456909637556241,0,1,12.475094272995323,0,0,0,1
1124,1,3,29.69911764705882,0,0,7.871338612614882,0,1,0,1
1125,1,1,21.735324206288507,2,2,262.8419155257861,0,0,0,1
1126,1,3,14.00513545107934,1,0,11.258197636592378,1,0,0,1
1127,1,3,29.69911764705882,1,0,16.053069810710486,0,0,0,1
1128,1,3,0.8510110569251798,1,1,17.83743806886765,1,0,0,1
1129,1,2,32.460723290426124,0,0,32.67894894387442,0,0,1,1
1130,1,3,17.59228161550425,3,1,7.90403323081115,0,0,1,1
1131,0,3,29.846738112276963,0,2,20.842147019123836,0,0,1,1
1132,1,3,29.69911764705882,0,0,7.8792,0,1,0,1
1133,0,2,25.748587726592866,1,0,26.0,0,0,1,1
1134,1,3,4.381911206548358,0,0,12.436369450409272,0,0,1,1
1135,1,1,29.69911764705882,0,0,52.171945982995595,0,0,1,1
1136,1,2,29.259743063863553,0,0,12.427576956008165,0,0,0,1
1137,1,2,32.84575039836902,0,1,22.047744078654443,0,0,1,1
1138,0,2,44.16331220582707,1,2,27.370097730357145,0,0,1,1
1139,0,2,18.0,0,1,14.439486729692321,0,0,0,1
1140,1,3,29.69911764705882,0,0,7.75,0,1,0,1
1141,1,1,31.559942793904725,0,0,86.5,0,0,1,1
1142,1,2,3.5548764103691526,1,1,40.14806276237588,0,0,0,1
1143,1,1,21.56129699613938,0,0,55.17548120154425,0,0,1,1
1144,1,1,29.91964007360295,0,0,85.3437534140591,0,0,0,1
1145,0,3,29.818774696120734,1,0,15.5,0,1,0,1
1146,1,3,29.69911764705882,0,0,7.564166439699656,0,0,0,1
1147,0,3,9.224683007215361,2,2,27.057438722942397,0,0,1,1
1148,0,2,43.3317405084526,1,0,26.0,0,0,1,1
1149,1,1,37.23123092872396,0,0,71.17440386105375,0,0,0,1
1150,1,1,26.001368555875374,0,0,50.79929452286132,0,0,0,1
1151,0,3,21.023455754780894,0,0,9.82529319693476,0,0,1,1
1152,0,2,7.120344153747318,0,2,26.165759092376877,0,0,1,1
1153,0,3,30.16788608394633,0,0,8.665992030546084,0,0,1,1
